Financials,2020-12-31,2021-03-31,2021-06-30,2021-09-30,2021-12-31,2022-03-31,2022-06-30,2022-09-30,2022-12-31,2023-03-31,2023-06-30,2023-09-30,2023-12-31,2024-03-31,2024-06-30,2024-09-30,2024-12-31,2025-03-31,2025-06-30,2025-09-30,2025-12-31,2026-03-31
revenue,60320000.0,54246000.0,75303000.0,113139000.0,544483000.0,192519000.0,163972000.0,162572000.0,640313000.0,120655000.0,126912000.0,112904000.0,502400000.0,179291000.0,141102000.0,95354000.0,510672000.0,79525000.0,78628000.0,81103000.0,319019000.0,115244000.0
cost_of_goods_sold,50928000.0,39713000.0,50765000.0,54715000.0,305621000.0,122516000.0,151255000.0,189648000.0,631913000.0,88874000.0,89953000.0,97485000.0,378941000.0,101645000.0,102285000.0,95510000.0,389602000.0,71312000.0,73603000.0,77198000.0,281121000.0,85138000.0
gross_profit,9392000.0,14533000.0,24538000.0,58424000.0,238862000.0,70003000.0,12717000.0,-27076000.0,8400000.0,31781000.0,36959000.0,15419000.0,123459000.0,77646000.0,38817000.0,-156000.0,121070000.0,8213000.0,5025000.0,3905000.0,37898000.0,30106000.0
research_and_development,5271000.0,1208000.0,1437000.0,1586000.0,7674000.0,3340000.0,14773000.0,6192000.0,26962000.0,1415000.0,1640000.0,2253000.0,7184000.0,1799000.0,2174000.0,2841000.0,11830000.0,22964000.0,-25631000.0,-10657000.0,124263000.0,295682000.0
selling_general_and_admin,14554000.0,3795000.0,6822000.0,36358000.0,60486000.0,40160000.0,90874000.0,43346000.0,213280000.0,21764000.0,24396000.0,23511000.0,108111000.0,16924000.0,31383000.0,40348000.0,113691000.0,32287000.0,56940000.0,69354000.0,159224000.0,44846000.0
operating_expenses,21596000.0,5537000.0,8259000.0,37944000.0,72222000.0,44898000.0,105647000.0,49538000.0,252973000.0,23179000.0,26036000.0,25764000.0,115295000.0,18723000.0,33557000.0,43189000.0,125521000.0,55251000.0,31309000.0,58697000.0,283487000.0,340528000.0
operating_income_ebit,-6327000.0,9026000.0,15526000.0,4784000.0,131494000.0,-26717000.0,-1045383000.0,-401374000.0,-2109553000.0,7602000.0,9469000.0,-12044000.0,8961000.0,55227000.0,-90682000.0,-41219000.0,-142065000.0,-47038000.0,-26284000.0,-54792000.0,-245589000.0,-310422000.0
depreciation_and_amortization_expense,9403000.0,2916000.0,,,33362000.0,42139000.0,,,225259000.0,20094000.0,,,96003000.0,28996000.0,,,113205000.0,19731000.0,,,68913000.0,16648000.0
interest_income,,10286.0,12521.0,4440.0,34536.0,,,,,,,,,,,,,,,,,
interest_expense,,,,,,,,,,,,,,,,,,4747000.0,,,,8160000.0
tax_expense,0.0,0.0,118000.0,-815000.0,15763000.0,42406000.0,-48650000.0,10642000.0,-17091000.0,104000.0,129000.0,114000.0,683000.0,206000.0,144000.0,134000.0,859000.0,205000.0,158000.0,125000.0,583000.0,600000.0
net_income,-12206000.0,6849000.0,-3414000.0,-16629000.0,47312000.0,-466204000.0,-810475000.0,-434792000.0,-2146318000.0,-388000.0,-9260000.0,-41146000.0,-246487000.0,210691000.0,-902157000.0,-455259000.0,-1437874000.0,576251000.0,-936799000.0,-144027000.0,-288616000.0,-347188000.0
basic_eps,-0.14,0.04,-0.02,-0.07,0.23,-1.52,-2.49,-1.23,-6.3,0.0,-0.02,-0.11,-0.65,0.91,-5.05,-1.17,-4.87,1.42,-0.04,-0.45,-0.88,-1.06
diluted_eps,-0.14,0.04,-0.02,-0.07,0.2,-1.52,-2.49,-1.23,-6.3,0.0,-0.02,-0.11,-0.65,0.78,-5.05,-1.17,-4.87,1.24,-0.04,-0.45,-0.88,-1.06
cash_and_cash_equivalents,8721000.0,34393000.0,58371000.0,160007000.0,131678000.0,110432000.0,140480000.0,37644000.0,15884000.0,69292000.0,57593000.0,42146000.0,50409000.0,98125000.0,97105000.0,253802000.0,836980000.0,698725000.0,581345000.0,453443000.0,311378000.0,1005148000.0
marketable_securities,,,,,,,,,,,,,,,,,,,,,,
accounts_receivable,,,,,1382000.0,168000.0,2840000.0,2176000.0,234000.0,173000.0,,,1001000.0,1107000.0,4676000.0,6244000.0,1025000.0,1018000.0,,,,
inventory,,,,,,,,,,,,,,,,,,,,,,
prepaid_expenses,,678255.0,539157.0,446855.0,27055000.0,,,,7321000.0,,,,5506000.0,,,,,,,,,
total_current_assets,,2732337.0,2583288.0,2045361.0,756560000.0,808245000.0,511557000.0,213571000.0,85102000.0,100195000.0,111197000.0,134719000.0,97016000.0,143320000.0,117863000.0,277856000.0,903962000.0,833178000.0,1004760000.0,1061033000.0,895537000.0,1454832000.0
property_plant_equipment,,,,,,,,,,,,,,,,,433473000.0,,,,1293299000.0,1344924000.0
operating_lease_rou_assets,,,,,,6535000.0,6401000.0,20926000.0,20430000.0,20235000.0,19961000.0,6583000.0,7844000.0,77766000.0,0.0,74733000.0,114472000.0,0.0,108584000.0,107784000.0,108484000.0,105986000.0
goodwill,,,1060000000.0,,1055760000.0,1055760000.0,266038000.0,0.0,0.0,,,,0.0,,,,,,,,,
intangible_assets,,,,,8195000.0,5474000.0,3590000.0,1400000.0,1704000.0,2165000.0,2517000.0,2448000.0,2247000.0,2136000.0,,,,,,,,
total_assets,15000.0,347742624.0,347606096.0,347072608.0,2438864000.0,2704048000.0,1845158000.0,1404001000.0,807686000.0,760019000.0,750862000.0,705462000.0,712156000.0,813968000.0,664195000.0,824590000.0,1475946000.0,1498060000.0,1850741000.0,2171302000.0,2347644000.0,3069564000.0
accounts_payable,,86179.0,538015.0,721484.0,11617000.0,15623000.0,31252000.0,43613000.0,53641000.0,50352000.0,53976000.0,45527000.0,154751000.0,16165000.0,8491000.0,6504000.0,19265000.0,6328000.0,215055000.0,212179000.0,126106000.0,218857000.0
accrued_liabilities,400.0,692220.0,1499732.0,3225538.0,67862000.0,72806000.0,124488000.0,102213000.0,17952000.0,47299000.0,41266000.0,55606000.0,179636000.0,68221000.0,28949000.0,31726000.0,69230000.0,95492000.0,180641000.0,358270000.0,511957000.0,364479000.0
deferred_revenue_current,,,,,63417000.0,153700000.0,108800000.0,87200000.0,159600000.0,135400000.0,116900000.0,100800000.0,9800000.0,,,16900000.0,349000.0,60900000.0,150100000.0,83739000.0,127561000.0,219555000.0
short_term_debt,,,,,75996000.0,110175000.0,217674000.0,977600000.0,36242000.0,35645000.0,27698000.0,128321000.0,124358000.0,23333000.0,18370000.0,17941000.0,16290000.0,16214000.0,,,0.0,993944000.0
operating_lease_liabilities_current,,,,,,132000.0,75000.0,849000.0,769000.0,597000.0,423000.0,205000.0,77000.0,2619000.0,5427000.0,7486000.0,9974000.0,9982000.0,10438000.0,11353000.0,12343000.0,12873000.0
total_current_liabilities,400.0,827616.0,2136279.0,4095417.0,320289000.0,414693000.0,516552000.0,1289007000.0,186789000.0,203449000.0,187373000.0,312662000.0,488423000.0,138145000.0,74824000.0,76514000.0,134562000.0,195510000.0,562722000.0,669863000.0,781401000.0,2661783000.0
long_term_debt,,,,,,,,,,,,,,,,,,,,,1060325000.0,1061651000.0
operating_lease_liabilities_noncurrent,,,,,,1150000.0,1127000.0,14594000.0,720000.0,1055000.0,1030000.0,1047000.0,1512000.0,69022000.0,67068000.0,65335000.0,97843000.0,94953000.0,92229000.0,90869000.0,89011000.0,86181000.0
deferred_tax_liabilities,2618000.0,,,,75759000.0,,,,4885000.0,,,,7822000.0,,,,24903000.0,,,,29864000.0,
total_liabilities,400.0,29769286.0,34910699.0,53101747.0,1053178000.0,1577338000.0,1428706000.0,1330974000.0,1217032000.0,1157480000.0,1143303000.0,1124188000.0,1309097000.0,1132477000.0,1845330000.0,1651246000.0,2418995000.0,1806878000.0,3042728000.0,3423940000.0,3310384000.0,4375250000.0
retained_earnings,-10400.0,4952473.0,-603605.0,-51030002.0,-27432000.0,-493636000.0,-1304111000.0,-1738903000.0,-2173750000.0,-2174138000.0,-2183398000.0,-2224544000.0,-2420237000.0,-2209522000.0,-3111679000.0,-3566938000.0,-3858087000.0,-3281836000.0,-4218635000.0,-4362662000.0,-4146703000.0,-4493891000.0
treasury_stock,,,,,,,,,,,,,,,,,,,,,,
accumulated_other_comprehensive_income,,,,,-10966000.0,16198000.0,24780000.0,72612000.0,0.0,,,,,,,,,,,,,
total_equity,89224000.0,97157000.0,95879000.0,1288893000.0,1341210000.0,1126710000.0,416452000.0,73027000.0,-409346000.0,-397461000.0,-392441000.0,-418726000.0,-596941000.0,-318509000.0,-1181135000.0,-826656000.0,-943049000.0,-308818000.0,-1191987000.0,-1252638000.0,-962740000.0,-1305686000.0
cash_flow_from_operations,-23765000.0,15412000.0,,,-56735000.0,-3615000.0,,-52100000.0,205187000.0,19942000.0,,,65114000.0,22174000.0,,,42896000.0,-45041000.0,,,278250000.0,249877000.0
stock_based_compensation,3037000.0,588000.0,,,38937000.0,25797000.0,,,182894000.0,12273000.0,,,58892000.0,-1060000.0,,,51924000.0,16185000.0,,,98236000.0,17761000.0
depreciation_amortization_cf,9403000.0,2916000.0,,,33362000.0,42139000.0,,,225259000.0,20094000.0,,,96003000.0,28996000.0,,,113205000.0,19731000.0,,,68913000.0,16648000.0
capital_expenditure,0.0,10757000.0,,,0.0,133223000.0,,5200000.0,383980000.0,1539000.0,,,16161000.0,31894000.0,,,94961000.0,83980000.0,,,729000000.0,389226000.0
cash_flow_from_investing,-15144000.0,-10773000.0,,,-423840000.0,-269096000.0,,-5700000.0,-590778000.0,-1869000.0,,,-2996000.0,-31970000.0,,,-95192000.0,-89016000.0,,,-740750000.0,-386652000.0
cash_flow_from_financing,40723000.0,21033000.0,,,603532000.0,251465000.0,,-45100000.0,306153000.0,-1021000.0,,,-44649000.0,54363000.0,,,819567000.0,-4198000.0,,,-63102000.0,971382000.0
dividends_paid,,,,,,,,,,,,,,,,,,,,,,
share_repurchase,,,,,,,,,31646000.0,,,,0.0,,,,0.0,,,,,
shares_outstanding_basic,157602000.0,157786000.0,158890000.0,236951000.0,207263000.0,307475000.0,324967000.0,354195000.0,340647000.0,375419000.0,375779000.0,382483000.0,386883000.0,230954000.0,178505000.0,292486000.0,292606000.0,315186000.0,303146000.0,308381000.0,314231000.0,316949000.0
shares_outstanding_diluted,157602000.0,175964000.0,158890000.0,236951000.0,233305000.0,307475000.0,324967000.0,354195000.0,340647000.0,375419000.0,375779000.0,382483000.0,379863000.0,282531000.0,178505000.0,292486000.0,255832000.0,363314000.0,317985000.0,318562000.0,318068000.0,322911000.0
total_debt,,,,,,,,,,,,,,,,,,,,,1060325000.0,2055595000.0
current_stock_price,,,,,,,,,,,,,,,,,,,,,,15.34
market_cap,,,,,,,,,,,,,,,,,,,,,,4953454789.272308
enterprise_value,,,,,,,,,,,,,,,,,,,,,,6003901789.272308
beta_3y,,,,,,,,,,,,,,,,,,,,,,
risk_free_rate,0.0091699999570846,0.0174600005149841,0.01442999958992,0.0152900004386901,0.0151199996471405,0.0232699990272521,0.0297199988365173,0.0380399990081787,0.0387899994850158,0.0349399995803833,0.0381900000572204,0.0457299995422363,0.0386599993705749,0.042059998512268,0.0434299993515014,0.0380200004577636,0.0457299995422363,0.0424599981307983,0.0423000001907348,0.0414799976348876,0.0416300010681152,0.0431099987030029
wacc,,,,,,,,,,,,,,,,,,,,,,
ebitda,3076000.0,11942000.0,,,164856000.0,15422000.0,,,-1884294000.0,27696000.0,,,104964000.0,84223000.0,,,-28860000.0,-27307000.0,,,-176676000.0,-293774000.0
free_cash_flow,-23765000.0,4655000.0,,,-56735000.0,-136838000.0,,-57300000.0,-178793000.0,18403000.0,,,48953000.0,-9720000.0,,,-52065000.0,-129021000.0,,,-450750000.0,-139349000.0
