Financials,2021-03-31,2021-09-30,2021-12-31,2022-03-31,2022-06-30,2022-09-30,2022-12-31,2023-03-31,2023-06-30,2023-09-30,2023-12-31,2024-03-31,2024-06-30,2024-09-30,2024-12-31,2025-03-31,2025-06-30,2025-09-30,2025-12-31,2026-03-31
revenue,,,,,,,,,,,,,,,,,,,,
cost_of_goods_sold,,,,,,,,,,,,,,,,,,,,
gross_profit,,,,,,,,,,,,,,,,,,,,
research_and_development,,,,,,,,,,,,,,,,,,,,
selling_general_and_admin,,,,,,,,,,,,,,,,,,,,
operating_expenses,,,,,,,,,,,,,,,,,,,,
operating_income_ebit,,,,,,,,,,,,,,,,,,,,
depreciation_and_amortization_expense,,,,,,,,,,,,,,,,,,,,
interest_income,,,,,,,,,,,,,,,,,,,,
interest_expense,,,,,,,,,,,,,,,,,,,,
tax_expense,0.0,,,0.0,,,,0.0,,,,0.0,,,,0.0,,,,0.0
net_income,42454000.0,28135000.0,10346000.0,102316000.0,12035000.0,3075000.0,15779000.0,35547000.0,8786000.0,47356000.0,6579000.0,85305000.0,-6526000.0,15482000.0,38490000.0,65319000.0,7772000.0,28709000.0,65898000.0,184753000.0
basic_eps,0.54,0.07,0.25,0.45,0.22,0.34,0.26,1.11,0.25,-0.05,0.28,2.47,-0.18,0.42,1.05,1.78,0.21,0.75,1.66,4.77
diluted_eps,0.54,0.07,0.25,0.45,0.22,0.34,0.26,1.11,0.25,-0.05,0.28,2.47,-0.18,0.42,1.05,1.78,0.21,0.75,1.66,4.77
cash_and_cash_equivalents,2398000.0,2422000.0,28644000.0,14495000.0,44276000.0,2903000.0,2847000.0,3248000.0,37752000.0,2582000.0,3585000.0,3220000.0,3190000.0,2674000.0,3147000.0,15154000.0,4118000.0,2237000.0,2896000.0,2385000.0
marketable_securities,,,,,,,,,,,,,,,,,,,,
accounts_receivable,,,,,,,,,,,,,,,,,,,,
inventory,,,,,,,,,,,,,,,,,,,,
prepaid_expenses,,,,,,,,,,,,,,,,,,,,
total_current_assets,,,,,,,,,,,,,,,,,,,,
property_plant_equipment,,,,,,,,,,,,,,,,,,,,
operating_lease_rou_assets,,,,,,,,,,,,,,,,,,,,
goodwill,,,,,,,,,,,,,,,,,,,,
intangible_assets,,,,,,,,,,,,,,,,,,,,
total_assets,,,,740412000.0,,748628000.0,771564000.0,765644000.0,847123000.0,928349000.0,917624000.0,938083000.0,914206000.0,868780000.0,1087760000.0,1006404000.0,1053909000.0,1144439000.0,1236619000.0,1322845000.0
accounts_payable,,,,,,,,,,,,,,,,,,,,
accrued_liabilities,,,,,,,,,,,,,,,,,,,,
deferred_revenue_current,,,,,,,,,,,,,,,,,,,,
short_term_debt,,,,,,,,,,,,,,,,,,,,
operating_lease_liabilities_current,,,,,,,,,,,,,,,,,,,,
total_current_liabilities,,,,,,,,,,,,,,,,,,,,
long_term_debt,,,,261348000.0,,273402000.0,286719000.0,292607000.0,376159000.0,409672000.0,413504000.0,398345000.0,395385000.0,341035000.0,546558000.0,455709000.0,518625000.0,555031000.0,571838000.0,564474000.0
operating_lease_liabilities_noncurrent,,,,,,,,,,,,,,,,,,,,
deferred_tax_liabilities,,,,,,,,,,,,,,,,,,,,
total_liabilities,,,,294582000.0,,306158000.0,322373000.0,325902000.0,410688000.0,452683000.0,457683000.0,445372000.0,436826000.0,410405000.0,597707000.0,507320000.0,568605000.0,608596000.0,641211000.0,654620000.0
retained_earnings,,,,47849000.0,,45306000.0,49350000.0,37910000.0,33996000.0,69695000.0,33604000.0,47968000.0,32818000.0,14438000.0,44469000.0,53535000.0,32827000.0,52249000.0,108702000.0,181468000.0
treasury_stock,,,,,,,,,,,,,,,,,,,,
accumulated_other_comprehensive_income,,,,,,,,,,,,,,,,,,,,
total_equity,382364000.0,440701000.0,440589000.0,445830000.0,446409000.0,442470000.0,449191000.0,439742000.0,436435000.0,475666000.0,459941000.0,492711000.0,477380000.0,458375000.0,490053000.0,499084000.0,485304000.0,535843000.0,595408000.0,668225000.0
cash_flow_from_operations,-29732000.0,,,36599000.0,41312000.0,,,-4504000.0,-36447000.0,,,-69938000.0,12321000.0,,,16308000.0,-50181000.0,,,-101608000.0
stock_based_compensation,,,,,,,,,,,,,,,,,,,,
depreciation_amortization_cf,,,,,,,,,,,,,,,,,,,,
capital_expenditure,,,,,,,,,,,,,,,,,,,,
cash_flow_from_investing,,,,,,,,,,,,,,,,,,,,
cash_flow_from_financing,28070000.0,,,-24502000.0,-11531000.0,,,-6743000.0,70951000.0,,,69910000.0,-12351000.0,,,-4374000.0,40382000.0,,,88839000.0
dividends_paid,30858000.0,,,38850000.0,11456000.0,,,47050000.0,12093000.0,,,76061000.0,8805000.0,,,60951000.0,28788000.0,,,57162000.0
share_repurchase,,,,,,,,,,,,,,,,,,,,
shares_outstanding_basic,33205023.0,33205023.0,33205023.0,33205023.0,33205023.0,33234663.0,33447001.0,33591505.0,33591505.0,33895675.0,35351954.0,36688667.0,36688667.0,36688667.0,36837381.0,36837381.0,37352676.0,39591037.0,39821967.0,39821967.0
shares_outstanding_diluted,33176760.0,33205023.0,33205023.0,33205023.0,33205023.0,33218901.0,33316055.0,33311785.0,33591505.0,33817214.0,34351597.0,34466724.0,36688667.0,36688667.0,36727873.0,36735218.0,36908943.0,38445643.0,39678402.0,38712611.0
total_debt,,,,,,,,,,,,,,,,,,,,
current_stock_price,,,,,,,,,,,,,,,,,,,,24.97
market_cap,,,,,,,,,,,,,,,,,,,,966664650.5012264
enterprise_value,,,,,,,,,,,,,,,,,,,,964279650.5012264
beta_3y,,,,,,,,,,,,,,,,,,,,
risk_free_rate,0.0174600005149841,0.0152900004386901,0.0151199996471405,0.0232699990272521,0.0297199988365173,0.0380399990081787,0.0387899994850158,0.0349399995803833,0.0381900000572204,0.0457299995422363,0.0386599993705749,0.042059998512268,0.0434299993515014,0.0380200004577636,0.0457299995422363,0.0424599981307983,0.0423000001907348,0.0414799976348876,0.0416300010681152,0.0431099987030029
wacc,,,,,,,,,,,,,,,,,,,,
ebitda,,,,,,,,,,,,,,,,,,,,
free_cash_flow,,,,,,,,,,,,,,,,,,,,
