Financials,2019-09-30,2019-12-31,2020-03-31,2020-06-30,2020-09-30,2020-12-31,2021-03-31,2021-06-30,2021-09-30,2021-12-31,2022-03-31,2022-06-30,2022-09-30,2022-12-31,2023-03-31,2023-06-30,2023-09-30,2023-12-31,2024-03-31,2024-06-30,2024-09-30,2024-12-31,2025-03-31,2025-06-30,2025-09-30,2025-12-31,2026-03-31
revenue,208751000.0,153698000.0,189963000.0,408273000.0,1022970000.0,214083000.0,329611000.0,404207000.0,1228206000.0,336272000.0,442127000.0,568900000.0,1744822000.0,366659000.0,524331000.0,594339000.0,1936310000.0,364013000.0,488321000.0,542441000.0,1772630000.0,375814000.0,483521000.0,552864000.0,1872334000.0,380561000.0,442293000.0
cost_of_goods_sold,162400000.0,121509000.0,145379000.0,313588000.0,787446000.0,161647000.0,240825000.0,277255000.0,870751000.0,235307000.0,299585000.0,384961000.0,1191167000.0,256671000.0,377634000.0,434905000.0,1401184000.0,272570000.0,367959000.0,409836000.0,1337567000.0,291760000.0,373110000.0,424201000.0,1445312000.0,291168000.0,336763000.0
gross_profit,46351000.0,32189000.0,44584000.0,94685000.0,64066000.0,52436000.0,88786000.0,126952000.0,357455000.0,100965000.0,142542000.0,183939000.0,553655000.0,109988000.0,146697000.0,159434000.0,535126000.0,91443000.0,120362000.0,132605000.0,435063000.0,84054000.0,110411000.0,128663000.0,427022000.0,89393000.0,105530000.0
research_and_development,,1197000.0,3716000.0,855000.0,-157799000.0,1540000.0,1746000.0,1540000.0,9529000.0,10540000.0,7661000.0,8528000.0,33709000.0,5614000.0,7614000.0,6513000.0,171535000.0,5373000.0,19996000.0,5547000.0,37565000.0,6967000.0,6349000.0,6146000.0,169187000.0,13217000.0,12232000.0
selling_general_and_admin,,28305000.0,32383000.0,43134000.0,143575000.0,34860000.0,48348000.0,60476000.0,199049000.0,59096000.0,75492000.0,87867000.0,302113000.0,77838000.0,90193000.0,92841000.0,345524000.0,79599000.0,86511000.0,87059000.0,332680000.0,79060000.0,87791000.0,92138000.0,343285000.0,81350000.0,85661000.0
operating_expenses,33574000.0,29502000.0,36099000.0,43989000.0,-14224000.0,36400000.0,50094000.0,62016000.0,208578000.0,69636000.0,83153000.0,96395000.0,335822000.0,83452000.0,97807000.0,99354000.0,517059000.0,84972000.0,106507000.0,92606000.0,370245000.0,86027000.0,94140000.0,98284000.0,512472000.0,94567000.0,97893000.0
operating_income_ebit,12777000.0,2687000.0,8485000.0,50696000.0,78290000.0,16036000.0,38692000.0,64936000.0,148877000.0,31329000.0,59389000.0,87544000.0,217833000.0,26536000.0,48890000.0,60080000.0,18067000.0,6471000.0,13855000.0,39999000.0,64818000.0,-1973000.0,16271000.0,30379000.0,-85450000.0,-5174000.0,7637000.0
depreciation_and_amortization_expense,2682000.0,760000.0,791000.0,824000.0,3249000.0,963000.0,1378000.0,1475000.0,5411000.0,1749000.0,4727000.0,4073000.0,16296000.0,6182000.0,6360000.0,6584000.0,26789000.0,4905000.0,5564000.0,5785000.0,22187000.0,6037000.0,5518000.0,6301000.0,24440000.0,4990000.0,4174000.0
interest_income,,,,,,,,,,,,,,,,,,,,,,,,,,,
interest_expense,,1853000.0,2457000.0,3082000.0,8828000.0,924000.0,1215000.0,1083000.0,4344000.0,1529000.0,3097000.0,3311000.0,13201000.0,7584000.0,8604000.0,9077000.0,34557000.0,9152000.0,9192000.0,9008000.0,37050000.0,8988000.0,9100000.0,9041000.0,36183000.0,8636000.0,7345000.0
tax_expense,0.0,0.0,472000.0,4737000.0,6329000.0,2511000.0,6550000.0,11498000.0,25802000.0,4889000.0,12781000.0,18785000.0,43225000.0,3384000.0,7964000.0,9916000.0,-3412000.0,-2276000.0,-1846000.0,6344000.0,-157000.0,-5262000.0,-148000.0,3507000.0,-35301000.0,-13380000.0,5526000.0
net_income,37263000.0,-1067000.0,1085000.0,14367000.0,17425000.0,11775000.0,30592000.0,34503000.0,79059000.0,23486000.0,42354000.0,55977000.0,130944000.0,11428000.0,27037000.0,28570000.0,-38592000.0,-7970000.0,-4509000.0,14683000.0,-5705000.0,-13612000.0,-368000.0,10715000.0,-114582000.0,-7711000.0,-12901000.0
basic_eps,0.0,0.0,0.18,2.36,2.79,,,,,,,,,,,,,,,,,,,,,,
diluted_eps,0.0,0.0,0.18,2.36,2.77,,,,,,,,,,,,,,,,,,,,,,
cash_and_cash_equivalents,11492000.0,10711000.0,20968000.0,91069000.0,68153000.0,29936000.0,87482000.0,120686000.0,73949000.0,74769000.0,88957000.0,111899000.0,60947000.0,58208000.0,71683000.0,53162000.0,93310000.0,54153000.0,58185000.0,51930000.0,27337000.0,36558000.0,75553000.0,81906000.0,64820000.0,42435000.0,76522000.0
marketable_securities,,,,,,,,,,,,,,,,,,,,,,,,,,,
accounts_receivable,15294000.0,,19839000.0,57439000.0,18479000.0,14499000.0,41005000.0,37748000.0,28529000.0,37643000.0,82725000.0,80495000.0,57960000.0,63613000.0,81040000.0,93972000.0,113175000.0,47885000.0,110142000.0,103854000.0,73269000.0,56912000.0,91639000.0,79472000.0,60885000.0,39600000.0,60661000.0
inventory,277338000.0,,333377000.0,171300000.0,150124000.0,196114000.0,186089000.0,116873000.0,143880000.0,248212000.0,293170000.0,269430000.0,372959000.0,527023000.0,593347000.0,572932000.0,609616000.0,706805000.0,687477000.0,598567000.0,590838000.0,636676000.0,602364000.0,517093000.0,539793000.0,601509000.0,551354000.0
prepaid_expenses,,,,,,,,,,,,,,,,,,,,,,,,,,,
total_current_assets,314093000.0,,386001000.0,330688000.0,252058000.0,253856000.0,328900000.0,307558000.0,280938000.0,394945000.0,515778000.0,519213000.0,566890000.0,710392000.0,810193000.0,808465000.0,881899000.0,887312000.0,911303000.0,821996000.0,777366000.0,797474000.0,833703000.0,739962000.0,719213000.0,782301000.0,732610000.0
property_plant_equipment,15954000.0,,16699000.0,16785000.0,18442000.0,62833000.0,64612000.0,66206000.0,67114000.0,74638000.0,77658000.0,80235000.0,109713000.0,114802000.0,117326000.0,118965000.0,81532000.0,83221000.0,89217000.0,92602000.0,93224000.0,91499000.0,92100000.0,92005000.0,91576000.0,59069000.0,57958000.0
operating_lease_rou_assets,,,,,0.0,3091000.0,,,25555000.0,31529000.0,119675000.0,126433000.0,48310000.0,6314000.0,124864000.0,127973000.0,27128000.0,1931000.0,132736000.0,142580000.0,138829000.0,1985000.0,135811000.0,131625000.0,128988000.0,123149000.0,119674000.0
goodwill,113059000.0,,113059000.0,113059000.0,113059000.0,146562000.0,151417000.0,151564000.0,168491000.0,419675000.0,313460000.0,342605000.0,378588000.0,397468000.0,397469000.0,397469000.0,336602000.0,336602000.0,336602000.0,336602000.0,336602000.0,336602000.0,336602000.0,336602000.0,258954000.0,258954000.0,258954000.0
intangible_assets,61304000.0,,61304000.0,61304000.0,61304000.0,74004000.0,74004000.0,74004000.0,85294000.0,121244000.0,231124000.0,245659000.0,306471000.0,311579000.0,308711000.0,306776000.0,212324000.0,211173000.0,209289000.0,207341000.0,205391000.0,203631000.0,201851000.0,199885000.0,130198000.0,128721000.0,122502000.0
total_assets,504755000.0,10000.0,580272000.0,525037000.0,458067000.0,552337000.0,632524000.0,618803000.0,720614000.0,1162051000.0,1289419000.0,1347553000.0,1497428000.0,1672093000.0,1770451000.0,1771317000.0,1689159000.0,1693073000.0,1712614000.0,1635880000.0,1589989000.0,1611546000.0,1643664000.0,1540429000.0,1403825000.0,1442035000.0,1375816000.0
accounts_payable,5546000.0,,7819000.0,25154000.0,12781000.0,10545000.0,25931000.0,24908000.0,18114000.0,33262000.0,43858000.0,51199000.0,27306000.0,25859000.0,33450000.0,40096000.0,27113000.0,18897000.0,41402000.0,27873000.0,32106000.0,29266000.0,45269000.0,32452000.0,43758000.0,42752000.0,40457000.0
accrued_liabilities,,,,,,,,,,,,,,,,,,,,,,,,,,,
deferred_revenue_current,4880000.0,7736000.0,13471000.0,12851000.0,17280000.0,23386000.0,39395000.0,43114000.0,46610000.0,56986000.0,63514000.0,65520000.0,65460000.0,60084000.0,59020000.0,56123000.0,51649000.0,50977000.0,46536000.0,43428000.0,63955000.0,53454000.0,49667000.0,33916000.0,29280000.0,25973000.0,38406000.0
short_term_debt,11124000.0,,7012000.0,8435000.0,7419000.0,10481000.0,13995000.0,11858000.0,11366000.0,19420000.0,17294000.0,19450000.0,21642000.0,29247000.0,23919000.0,23896000.0,29324000.0,6125000.0,8640000.0,8632000.0,7874000.0,15672000.0,26708000.0,37970000.0,77895000.0,73575000.0,23606000.0
operating_lease_liabilities_current,,,,,0.0,,,,9159000.0,11173000.0,11660000.0,12788000.0,12981000.0,13410000.0,13641000.0,13914000.0,14568000.0,14843000.0,15170000.0,15598000.0,15704000.0,15752000.0,16474000.0,16468000.0,16615000.0,16491000.0,16742000.0
total_current_liabilities,263494000.0,,331111000.0,242915000.0,185736000.0,232612000.0,285705000.0,244620000.0,227630000.0,347490000.0,439003000.0,421935000.0,452097000.0,601166000.0,674660000.0,642720000.0,668951000.0,699022000.0,750109000.0,638934000.0,607719000.0,644884000.0,696777000.0,603331000.0,631296000.0,690048000.0,632281000.0
long_term_debt,64789000.0,,108954000.0,108780000.0,81977000.0,111466000.0,105079000.0,103885000.0,103074000.0,327008000.0,321448000.0,316349000.0,421162000.0,434670000.0,439256000.0,433889000.0,428439000.0,433682000.0,410692000.0,417599000.0,414934000.0,412590000.0,400485000.0,381497000.0,334197000.0,325776000.0,329978000.0
operating_lease_liabilities_noncurrent,,,,,0.0,,,,80464000.0,107452000.0,108683000.0,114545000.0,112127000.0,114601000.0,112582000.0,115557000.0,123310000.0,121404000.0,120379000.0,129491000.0,126001000.0,123330000.0,122386000.0,118458000.0,115977000.0,110858000.0,107338000.0
deferred_tax_liabilities,,,,,0.0,,,,0.0,,,,3179000.0,,,,812000.0,,,,0.0,,,,0.0,,
total_liabilities,380768000.0,-33665000.0,441605000.0,353207000.0,284780000.0,367854000.0,416978000.0,382399000.0,465781000.0,856857000.0,940484000.0,923885000.0,1052551000.0,1214278000.0,1284074000.0,1249754000.0,1275081000.0,1308763000.0,1330142000.0,1235531000.0,1199236000.0,1227928000.0,1262049000.0,1147200000.0,1118872000.0,1164542000.0,1106399000.0
retained_earnings,0.0,,1085000.0,15452000.0,16757000.0,24545000.0,44959000.0,58956000.0,74952000.0,94529000.0,130560000.0,186536000.0,204880000.0,213770000.0,235754000.0,264325000.0,165432000.0,158262000.0,154290000.0,168973000.0,159625000.0,147654000.0,147286000.0,157995000.0,44954000.0,37243000.0,24342000.0
treasury_stock,,,,,,,,,,,,,,,,,,,,,,,,,,,
accumulated_other_comprehensive_income,,,,,,,,,0.0,,,,-7000.0,3000.0,10000.0,6000.0,1000.0,-7000.0,-3000.0,2000.0,-1897000.0,3694000.0,1185000.0,-369000.0,-643000.0,-983000.0,612000.0
total_equity,37969000.0,33675000.0,138667000.0,171830000.0,173287000.0,185556000.0,216619000.0,237477000.0,254833000.0,305194000.0,348935000.0,423668000.0,444877000.0,457815000.0,486377000.0,521563000.0,414078000.0,384310000.0,382472000.0,400349000.0,390753000.0,383618000.0,381615000.0,393229000.0,284953000.0,277493000.0,269417000.0
cash_flow_from_operations,-5725000.0,-28723000.0,,,212477000.0,-28615000.0,,,159423000.0,-22825000.0,,,7447000.0,-138050000.0,,,-129760000.0,-110034000.0,,,34839000.0,-37442000.0,,,91753000.0,-76288000.0,
stock_based_compensation,154000.0,39000.0,,,2213000.0,1078000.0,,,5741000.0,2100000.0,,,10013000.0,2572000.0,,,8962000.0,2392000.0,,,8443000.0,2170000.0,2088000.0,,10499000.0,2136000.0,2805000.0
depreciation_amortization_cf,2682000.0,760000.0,791000.0,824000.0,3249000.0,963000.0,1378000.0,1475000.0,5411000.0,1749000.0,4727000.0,4073000.0,16296000.0,6182000.0,6360000.0,6584000.0,26789000.0,4905000.0,5564000.0,5785000.0,22187000.0,6037000.0,5518000.0,6301000.0,24440000.0,4990000.0,4174000.0
capital_expenditure,7291000.0,1997000.0,,,6309000.0,2423000.0,,,9896000.0,3428000.0,,,11403000.0,6416000.0,,,21251000.0,4924000.0,,,25918000.0,2603000.0,,,12019000.0,1940000.0,
cash_flow_from_investing,-10998000.0,-1762000.0,,,-4672000.0,-79963000.0,,,-117130000.0,-282220000.0,,,-476844000.0,-34980000.0,,,-51601000.0,39807000.0,,,13318000.0,-2776000.0,,,-11604000.0,-2073000.0,
cash_flow_from_financing,12458000.0,29704000.0,,,-151144000.0,70361000.0,,,-36497000.0,305865000.0,,,456403000.0,170280000.0,,,213715000.0,31079000.0,,,-114112000.0,49419000.0,,,-42614000.0,55976000.0,
dividends_paid,0.0,,,,0.0,,,,1035000.0,,,,0.0,,,,0.0,,,,,,,,,,
share_repurchase,,,,,0.0,,,,0.0,,,,354000.0,,,,1579000.0,,,,0.0,,,,0.0,,
shares_outstanding_basic,1000.0,1000.0,6088000.0,6088000.0,6243000.0,,,,,,,,,,,,,,,,,,,,,,
shares_outstanding_diluted,,,,,6287000.0,,,,,,,,,,,,,,,,,,,,,,
total_debt,75913000.0,,115966000.0,117215000.0,89396000.0,121947000.0,119074000.0,115743000.0,114440000.0,346428000.0,338742000.0,335799000.0,442804000.0,463917000.0,463175000.0,457785000.0,457763000.0,439807000.0,419332000.0,426231000.0,422808000.0,428262000.0,427193000.0,419467000.0,412092000.0,399351000.0,353584000.0
current_stock_price,,,7.33,23.26,19.63,27.87,38.28,42.03,40.21,60.97,34.45,33.05,30.11,28.6,27.97,36.24,25.62,33.79,28.15,27.57,23.91,17.38,16.18,13.39,15.84,10.82,9.45
market_cap,,,44612222.85842896,141592784.50012207,123396596.92001344,,,,,,,,,,,,,,,,,,,,,,
enterprise_value,,,139610222.85842896,167738784.50012207,144639596.92001343,,,,,,,,,,,,,,,,,,,,,,
beta_3y,,,,,,,1.5289,1.53,1.5515,1.5271,1.5322,1.4666,1.4436,1.414,1.1283,1.134,1.1254,1.2044,1.2185,1.2404,1.2277,1.2746,1.2531,1.3774,1.4244,1.4996,1.6261
risk_free_rate,0.0167499995231628,0.019190000295639,0.0069800001382827,0.0065299999713897,0.0067699998617172,0.0091699999570846,0.0174600005149841,0.01442999958992,0.0152900004386901,0.0151199996471405,0.0232699990272521,0.0297199988365173,0.0380399990081787,0.0387899994850158,0.0349399995803833,0.0381900000572204,0.0457299995422363,0.0386599993705749,0.042059998512268,0.0434299993515014,0.0380200004577636,0.0457299995422363,0.0424599981307983,0.0423000001907348,0.0414799976348876,0.0416300010681152,0.0431099987030029
wacc,,,,,,,,,,,,,,,,,,,,,,,,,,,
ebitda,15459000.0,3447000.0,9276000.0,51520000.0,81539000.0,16999000.0,40070000.0,66411000.0,154288000.0,33078000.0,64116000.0,91617000.0,234129000.0,32718000.0,55250000.0,66664000.0,44856000.0,11376000.0,19419000.0,45784000.0,87005000.0,4064000.0,21789000.0,36680000.0,-61010000.0,-184000.0,11811000.0
free_cash_flow,-13016000.0,-30720000.0,,,206168000.0,-31038000.0,,,149527000.0,-26253000.0,,,-3956000.0,-144466000.0,,,-151011000.0,-114958000.0,,,8921000.0,-40045000.0,,,79734000.0,-78228000.0,
